Time,CO2_Temperature_Outlet,CO2_Temperature_Inlet,
2025/04/28 10:28:18.000,-35.149997711182,,
2025/04/28 10:28:23.000,-35.259998321533,,
2025/04/28 10:28:34.000,-35.149997711182,,
2025/04/28 10:28:46.000,-35.259998321533,,
2025/04/28 10:30:45.000,-35.369998931885,,
2025/04/28 10:30:51.000,-35.259998321533,,
2025/04/28 10:31:01.000,-35.369998931885,,
2025/04/28 10:31:07.000,-35.259998321533,,
2025/04/28 10:32:14.000,-35.369998931885,,
2025/04/28 10:32:19.000,-35.259998321533,,
2025/04/28 10:32:30.000,-35.369998931885,,
2025/04/28 10:32:35.000,,-34.04999923706,
2025/04/28 10:32:47.000,-35.259998321533,,
2025/04/28 10:32:53.000,-35.369998931885,,
2025/04/28 10:34:00.000,-35.259998321533,,
2025/04/28 10:34:06.000,-35.369998931885,,
2025/04/28 10:34:17.000,-35.259998321533,,
2025/04/28 10:34:22.000,-35.149997711182,-33.939998626709,
2025/04/28 10:34:28.000,-35.259998321533,,
2025/04/28 10:35:20.000,-35.369998931885,,
2025/04/28 10:35:26.000,-35.259998321533,,
2025/04/28 10:35:32.000,-35.369998931885,-34.04999923706,
2025/04/28 10:35:49.000,,-33.939998626709,
2025/04/28 10:35:55.000,,-34.04999923706,
2025/04/28 10:36:11.000,-35.259998321533,,
2025/04/28 10:36:17.000,-35.369998931885,,
2025/04/28 10:37:07.000,-35.259998321533,,
2025/04/28 10:37:13.000,-35.369998931885,,
2025/04/28 10:37:18.000,-35.259998321533,-33.939998626709,
2025/04/28 10:37:23.000,,-34.04999923706,
2025/04/28 10:37:28.000,-35.369998931885,,
2025/04/28 10:37:34.000,-35.259998321533,,
2025/04/28 10:37:39.000,-35.369998931885,,
2025/04/28 10:37:45.000,-35.259998321533,-33.939998626709,
2025/04/28 10:38:18.000,-35.369998931885,,
2025/04/28 10:38:29.000,,-34.04999923706,
2025/04/28 10:38:35.000,,-33.939998626709,
2025/04/28 10:38:40.000,-35.259998321533,,
2025/04/28 10:38:46.000,-35.369998931885,,
2025/04/28 10:38:51.000,,-34.04999923706,
2025/04/28 10:39:07.000,-35.259998321533,,
2025/04/28 10:39:13.000,-35.369998931885,,
2025/04/28 10:39:59.000,-35.259998321533,,
2025/04/28 10:40:04.000,-35.369998931885,,
2025/04/28 10:40:15.000,-35.259998321533,,
2025/04/28 10:40:21.000,,-33.939998626709,
2025/04/28 10:40:26.000,-35.369998931885,-34.04999923706,
2025/04/28 10:40:32.000,-35.259998321533,,
2025/04/28 10:40:38.000,,-33.939998626709,
2025/04/28 10:41:04.000,-35.369998931885,,
2025/04/28 10:41:15.000,-35.259998321533,,
2025/04/28 10:41:21.000,-35.369998931885,,
2025/04/28 10:41:33.000,,-34.04999923706,
2025/04/28 10:42:17.000,-35.259998321533,,
2025/04/28 10:42:23.000,,-33.939998626709,
2025/04/28 10:42:29.000,-35.369998931885,,
2025/04/28 10:42:35.000,-35.259998321533,,
2025/04/28 10:43:10.000,-35.369998931885,,
2025/04/28 10:43:15.000,-35.259998321533,,
2025/04/28 10:43:32.000,-35.149997711182,,
2025/04/28 10:43:38.000,-35.259998321533,,
2025/04/28 10:43:49.000,-35.149997711182,,
2025/04/28 10:43:55.000,-35.259998321533,,
2025/04/28 10:44:06.000,-35.149997711182,,
2025/04/28 10:44:11.000,-35.259998321533,,
2025/04/28 10:44:22.000,-35.149997711182,,
2025/04/28 10:44:27.000,-35.259998321533,,
2025/04/28 10:45:06.000,-35.369998931885,,
2025/04/28 10:45:11.000,-35.259998321533,,
2025/04/28 10:45:39.000,-35.369998931885,,
2025/04/28 10:45:45.000,-35.259998321533,,
2025/04/28 10:46:31.000,-35.369998931885,,
2025/04/28 10:46:37.000,-35.259998321533,,
2025/04/28 10:47:06.000,-35.369998931885,,
2025/04/28 10:47:11.000,-35.259998321533,,
2025/04/28 10:47:33.000,-35.369998931885,,
2025/04/28 10:47:39.000,-35.259998321533,,
2025/04/28 10:47:45.000,-35.369998931885,,
2025/04/28 10:47:50.000,-35.259998321533,-34.04999923706,
2025/04/28 10:47:56.000,,-33.939998626709,
2025/04/28 10:48:07.000,-35.369998931885,,
2025/04/28 10:48:13.000,-35.259998321533,-34.04999923706,
2025/04/28 10:48:19.000,,-33.939998626709,
2025/04/28 10:48:25.000,-35.369998931885,,
2025/04/28 10:48:30.000,,-34.04999923706,
2025/04/28 10:48:42.000,-35.259998321533,-33.939998626709,
2025/04/28 10:48:48.000,-35.369998931885,-34.04999923706,
2025/04/28 10:48:54.000,-35.259998321533,,
2025/04/28 10:49:00.000,,-33.939998626709,
2025/04/28 10:49:06.000,-35.369998931885,-34.04999923706,
2025/04/28 10:49:11.000,-35.259998321533,,
2025/04/28 10:49:16.000,-35.369998931885,-33.939998626709,
2025/04/28 10:49:22.000,-35.259998321533,,
2025/04/28 10:49:38.000,-35.369998931885,,
2025/04/28 10:49:44.000,-35.259998321533,,
2025/04/28 10:50:19.000,-35.369998931885,,
2025/04/28 10:50:24.000,-35.259998321533,,
2025/04/28 10:50:30.000,-35.369998931885,,
2025/04/28 10:50:45.000,,-34.04999923706,
2025/04/28 10:50:51.000,-35.259998321533,-33.939998626709,
2025/04/28 10:51:31.000,-35.149997711182,,
2025/04/28 10:51:36.000,-35.259998321533,,
2025/04/28 10:52:15.000,-35.149997711182,,
2025/04/28 10:52:21.000,-35.259998321533,,
2025/04/28 10:52:33.000,-35.149997711182,,
2025/04/28 10:52:39.000,-35.259998321533,,
2025/04/28 10:52:50.000,-35.149997711182,,
2025/04/28 10:52:56.000,-35.259998321533,,
2025/04/28 10:53:07.000,-35.149997711182,-33.829998016357,
2025/04/28 10:53:12.000,-35.259998321533,-33.939998626709,
2025/04/28 10:53:18.000,,-33.829998016357,
2025/04/28 10:53:24.000,-35.149997711182,,
2025/04/28 10:53:34.000,-35.259998321533,,
2025/04/28 10:53:40.000,,-33.939998626709,
2025/04/28 10:54:36.000,-35.149997711182,,
2025/04/28 10:54:41.000,-35.259998321533,,
2025/04/28 10:54:57.000,-35.149997711182,,
2025/04/28 10:55:03.000,-35.259998321533,,
2025/04/28 10:55:09.000,,-33.829998016357,
2025/04/28 10:55:14.000,,-33.939998626709,
2025/04/28 10:55:19.000,-35.149997711182,-33.829998016357,
2025/04/28 10:56:33.000,-35.259998321533,,
2025/04/28 10:56:38.000,-35.149997711182,,
2025/04/28 10:56:44.000,-35.259998321533,,
2025/04/28 10:57:01.000,,-33.939998626709,
2025/04/28 10:57:06.000,,-33.829998016357,
2025/04/28 10:57:12.000,-35.149997711182,,
2025/04/28 10:57:28.000,-35.259998321533,,
2025/04/28 10:57:33.000,-35.149997711182,,
2025/04/28 10:57:45.000,-35.259998321533,,
2025/04/28 10:57:57.000,-35.149997711182,-33.939998626709,
2025/04/28 10:58:08.000,-35.259998321533,-33.829998016357,
2025/04/28 10:58:13.000,-35.149997711182,,
2025/04/28 10:58:30.000,-35.040000915527,,
2025/04/28 10:58:35.000,-35.149997711182,,
2025/04/28 10:58:52.000,-35.259998321533,,
2025/04/28 10:58:58.000,-35.149997711182,,
2025/04/28 10:59:03.000,-35.259998321533,,
2025/04/28 10:59:09.000,-35.149997711182,,
2025/04/28 10:59:21.000,-35.259998321533,,
2025/04/28 10:59:27.000,-35.149997711182,,
2025/04/28 10:59:32.000,-35.259998321533,,
2025/04/28 10:59:38.000,-35.149997711182,,
2025/04/28 10:59:44.000,-35.259998321533,,
2025/04/28 10:59:49.000,,-33.939998626709,
2025/04/28 10:59:54.000,-35.149997711182,,
2025/04/28 11:00:06.000,-35.259998321533,-33.829998016357,
2025/04/28 11:00:12.000,,-33.939998626709,
2025/04/28 11:00:17.000,-35.149997711182,-33.829998016357,
2025/04/28 11:00:23.000,-35.259998321533,-33.939998626709,
2025/04/28 11:00:28.000,,-33.829998016357,
2025/04/28 11:00:33.000,-35.149997711182,-33.939998626709,
2025/04/28 11:00:39.000,-35.259998321533,,
2025/04/28 11:00:50.000,-35.149997711182,,
2025/04/28 11:00:56.000,-35.259998321533,,
2025/04/28 11:01:17.000,-35.149997711182,,
2025/04/28 11:01:28.000,-35.259998321533,-33.829998016357,
2025/04/28 11:01:34.000,-35.149997711182,,
2025/04/28 11:01:52.000,-35.259998321533,,
2025/04/28 11:02:04.000,-35.149997711182,,
2025/04/28 11:02:10.000,-35.259998321533,,
2025/04/28 11:02:15.000,,-33.939998626709,
2025/04/28 11:03:05.000,-35.149997711182,,
2025/04/28 11:03:11.000,-35.259998321533,,
2025/04/28 11:03:37.000,-35.369998931885,,
2025/04/28 11:03:42.000,-35.259998321533,,
2025/04/28 11:03:54.000,-35.369998931885,,
2025/04/28 11:04:05.000,-35.259998321533,,
2025/04/28 11:05:11.000,-35.149997711182,,
2025/04/28 11:05:17.000,-35.259998321533,,
2025/04/28 11:06:20.000,-35.369998931885,,
2025/04/28 11:06:44.000,,-34.04999923706,
2025/04/28 11:06:56.000,-35.259998321533,-33.939998626709,
2025/04/28 11:07:51.000,-35.149997711182,,
2025/04/28 11:07:56.000,-35.259998321533,,
2025/04/28 11:08:19.000,-35.369998931885,,
2025/04/28 11:08:36.000,-35.259998321533,,
2025/04/28 11:08:42.000,-35.369998931885,,
2025/04/28 11:08:48.000,,-34.04999923706,
2025/04/28 11:08:54.000,-35.259998321533,-33.939998626709,
2025/04/28 11:09:00.000,-35.369998931885,-34.04999923706,
2025/04/28 11:09:16.000,-35.479999542236,,
2025/04/28 11:09:22.000,-35.369998931885,,
2025/04/28 11:09:50.000,-35.259998321533,-33.939998626709,
2025/04/28 11:09:56.000,,-34.04999923706,
2025/04/28 11:10:02.000,,-33.939998626709,
2025/04/28 11:10:51.000,-35.369998931885,,
2025/04/28 11:10:56.000,-35.259998321533,,
2025/04/28 11:11:02.000,-35.369998931885,,
2025/04/28 11:11:07.000,-35.259998321533,,
2025/04/28 11:11:18.000,-35.369998931885,,
2025/04/28 11:11:23.000,-35.259998321533,,
2025/04/28 11:11:28.000,-35.369998931885,,
2025/04/28 11:11:45.000,-35.259998321533,,
2025/04/28 11:11:57.000,-35.369998931885,,
2025/04/28 11:12:08.000,,-34.04999923706,
2025/04/28 11:12:14.000,-35.259998321533,-33.939998626709,
2025/04/28 11:12:20.000,-35.369998931885,,
2025/04/28 11:12:26.000,,-34.04999923706,
2025/04/28 11:12:54.000,-35.259998321533,,
2025/04/28 11:13:00.000,-35.369998931885,,
2025/04/28 11:13:42.000,-35.259998321533,,
2025/04/28 11:13:48.000,-35.369998931885,,
2025/04/28 11:13:54.000,-35.259998321533,-33.939998626709,
2025/04/28 11:13:59.000,-35.369998931885,,
2025/04/28 11:14:04.000,,-34.04999923706,
2025/04/28 11:14:10.000,-35.259998321533,,
2025/04/28 11:14:16.000,-35.369998931885,,
2025/04/28 11:14:27.000,,-33.939998626709,
2025/04/28 11:14:33.000,,-34.04999923706,
2025/04/28 11:14:39.000,,-33.939998626709,
2025/04/28 11:14:45.000,-35.259998321533,-33.829998016357,
2025/04/28 11:14:50.000,-35.149997711182,-33.599998474121,
2025/04/28 11:14:56.000,,-33.48999786377,
2025/04/28 11:15:02.000,-35.040000915527,-33.380001068115,
2025/04/28 11:15:07.000,-34.930000305176,-33.270000457764,
2025/04/28 11:15:24.000,,-33.159999847412,
2025/04/28 11:15:29.000,-34.819999694824,,
2025/04/28 11:15:41.000,-34.709999084473,-33.04999923706,
2025/04/28 11:15:53.000,-34.48999786377,-32.939998626709,
2025/04/28 11:15:59.000,-34.599998474121,-32.829998016357,
2025/04/28 11:16:05.000,-34.48999786377,,
2025/04/28 11:16:10.000,-34.380001068115,,
2025/04/28 11:16:16.000,-34.159999847412,-32.719997406006,
2025/04/28 11:16:21.000,-34.380001068115,,
2025/04/28 11:16:26.000,,-32.610000610352,
2025/04/28 11:16:32.000,-34.159999847412,,
2025/04/28 11:16:38.000,,-32.5,
2025/04/28 11:16:49.000,-34.270000457764,-32.389999389648,
2025/04/28 11:16:55.000,-34.159999847412,,
2025/04/28 11:17:01.000,,-32.279998779297,
2025/04/28 11:17:06.000,-34.04999923706,,
2025/04/28 11:17:11.000,,-32.169998168945,
2025/04/28 11:17:17.000,-33.939998626709,,
2025/04/28 11:17:23.000,,-32.059997558594,
2025/04/28 11:17:28.000,,-31.949998855591,
2025/04/28 11:17:45.000,,-31.840000152588,
2025/04/28 11:18:08.000,-33.829998016357,-31.729999542236,
2025/04/28 11:18:37.000,-33.709999084473,-31.619998931885,
2025/04/28 11:18:48.000,,-31.5,
2025/04/28 11:19:17.000,,-31.389999389648,
2025/04/28 11:19:29.000,-33.599998474121,,
2025/04/28 11:19:34.000,-33.709999084473,,
2025/04/28 11:20:26.000,-33.599998474121,,
2025/04/28 11:20:31.000,-33.709999084473,,
2025/04/28 11:20:59.000,-33.599998474121,,
2025/04/28 11:21:05.000,-33.709999084473,,
2025/04/28 11:21:49.000,,-31.5,
2025/04/28 11:21:54.000,,-31.389999389648,
2025/04/28 11:22:43.000,,-31.5,
2025/04/28 11:22:49.000,,-31.389999389648,
2025/04/28 11:23:16.000,,-31.5,
2025/04/28 11:23:22.000,-33.829998016357,,
2025/04/28 11:24:28.000,,-31.619998931885,
2025/04/28 11:24:34.000,-33.939998626709,,
2025/04/28 11:24:46.000,-33.829998016357,,
2025/04/28 11:25:14.000,,-31.5,
2025/04/28 11:25:25.000,,-31.619998931885,
2025/04/28 11:25:30.000,,-31.5,
2025/04/28 11:25:47.000,-33.939998626709,,
2025/04/28 11:25:59.000,-33.829998016357,-31.619998931885,
2025/04/28 11:26:05.000,-33.939998626709,,
2025/04/28 11:26:10.000,-33.829998016357,-31.5,
2025/04/28 11:26:16.000,-33.939998626709,,
2025/04/28 11:26:22.000,-33.829998016357,,
2025/04/28 11:26:28.000,-33.939998626709,-31.619998931885,
2025/04/28 11:27:13.000,-34.04999923706,,
2025/04/28 11:27:19.000,-33.939998626709,,
2025/04/28 11:27:25.000,-34.04999923706,-31.729999542236,
2025/04/28 11:27:41.000,-33.939998626709,-31.619998931885,
2025/04/28 11:27:52.000,,-31.729999542236,
2025/04/28 11:27:58.000,,-31.619998931885,
2025/04/28 11:28:33.000,-33.829998016357,,
2025/04/28 11:28:39.000,-33.939998626709,,
2025/04/28 11:28:51.000,-33.829998016357,,
2025/04/28 11:28:56.000,-33.939998626709,,
2025/04/28 11:29:13.000,-34.04999923706,,
2025/04/28 11:29:19.000,-33.939998626709,,
2025/04/28 11:29:24.000,-34.04999923706,,
2025/04/28 11:29:30.000,-33.939998626709,,
2025/04/28 11:29:58.000,-34.04999923706,,
2025/04/28 11:30:03.000,-33.939998626709,,
2025/04/28 11:30:09.000,-34.04999923706,-31.729999542236,
2025/04/28 11:30:15.000,-33.939998626709,-31.619998931885,
2025/04/28 11:30:26.000,-34.04999923706,-31.729999542236,
2025/04/28 11:30:32.000,-33.939998626709,,
2025/04/28 11:30:38.000,,-31.619998931885,
2025/04/28 11:30:43.000,,-31.729999542236,
2025/04/28 11:30:49.000,,-31.619998931885,
2025/04/28 11:31:01.000,,-31.729999542236,
2025/04/28 11:31:06.000,,-31.619998931885,
2025/04/28 11:32:32.000,-34.04999923706,,
2025/04/28 11:32:42.000,-33.939998626709,,
2025/04/28 11:33:05.000,-34.04999923706,-31.729999542236,
2025/04/28 11:33:22.000,-33.939998626709,,
2025/04/28 11:33:27.000,-34.04999923706,,
2025/04/28 11:33:39.000,-33.939998626709,,
2025/04/28 11:33:50.000,-34.04999923706,,
2025/04/28 11:33:55.000,-33.939998626709,,
2025/04/28 11:34:11.000,,-31.619998931885,
2025/04/28 11:34:17.000,-33.829998016357,,
2025/04/28 11:34:22.000,-33.939998626709,,
2025/04/28 11:34:34.000,-34.04999923706,,
2025/04/28 11:34:39.000,-33.939998626709,,
2025/04/28 11:35:40.000,-34.04999923706,,
2025/04/28 11:35:46.000,,-31.729999542236,
2025/04/28 11:37:06.000,-33.939998626709,,
2025/04/28 11:37:12.000,-34.04999923706,,
2025/04/28 11:37:23.000,-33.939998626709,,
2025/04/28 11:37:28.000,-34.04999923706,,
2025/04/28 11:37:34.000,-33.939998626709,,
2025/04/28 11:37:56.000,,-31.619998931885,
2025/04/28 11:38:07.000,-33.829998016357,,
2025/04/28 11:38:12.000,-34.04999923706,,
2025/04/28 11:38:17.000,-33.939998626709,,
2025/04/28 11:38:23.000,-34.04999923706,,
2025/04/28 11:38:34.000,-33.939998626709,,
2025/04/28 11:38:40.000,-34.04999923706,,
2025/04/28 11:38:46.000,-33.939998626709,,
2025/04/28 11:38:51.000,-34.04999923706,,
2025/04/28 11:39:02.000,,-31.729999542236,
2025/04/28 11:39:30.000,-34.159999847412,,
2025/04/28 11:39:35.000,-34.04999923706,,
2025/04/28 11:39:46.000,-34.159999847412,,
2025/04/28 11:40:04.000,,-31.840000152588,
2025/04/28 11:40:09.000,-34.04999923706,,
2025/04/28 11:40:15.000,-34.159999847412,-31.729999542236,
2025/04/28 11:40:21.000,-34.04999923706,,
2025/04/28 11:40:43.000,-34.159999847412,,
2025/04/28 11:40:55.000,,-31.840000152588,
2025/04/28 11:41:00.000,-34.04999923706,-31.729999542236,
2025/04/28 11:41:06.000,-34.159999847412,-31.840000152588,
2025/04/28 11:41:36.000,-34.270000457764,,
2025/04/28 11:41:47.000,-34.159999847412,,
2025/04/28 11:42:05.000,-34.270000457764,-31.949998855591,
2025/04/28 11:43:29.000,-34.380001068115,,
2025/04/28 11:43:35.000,-34.270000457764,,
2025/04/28 11:43:52.000,-34.380001068115,,
2025/04/28 11:44:27.000,,-32.059997558594,
2025/04/28 11:44:39.000,-34.48999786377,,
2025/04/28 11:45:25.000,,-32.169998168945,
2025/04/28 11:45:59.000,-34.599998474121,,
2025/04/28 11:46:05.000,-34.48999786377,,
2025/04/28 11:46:51.000,-34.599998474121,,
2025/04/28 11:47:31.000,-34.709999084473,,
2025/04/28 11:47:37.000,,-32.279998779297,
2025/04/28 11:48:08.000,-34.819999694824,,
2025/04/28 11:48:14.000,,-32.389999389648,
2025/04/28 11:48:37.000,-34.709999084473,,
2025/04/28 11:49:06.000,-34.819999694824,,
2025/04/28 11:49:23.000,-34.709999084473,,
2025/04/28 11:49:34.000,-34.599998474121,,
2025/04/28 11:49:40.000,-34.48999786377,-32.279998779297,
2025/04/28 11:49:51.000,-34.380001068115,-32.169998168945,
2025/04/28 11:49:56.000,-34.270000457764,,
2025/04/28 11:50:02.000,,-32.059997558594,
2025/04/28 11:50:07.000,-34.159999847412,,
2025/04/28 11:50:13.000,-34.04999923706,-31.949998855591,
2025/04/28 11:50:19.000,-33.939998626709,-31.840000152588,
2025/04/28 11:50:31.000,,-31.729999542236,
2025/04/28 11:50:37.000,-33.829998016357,,
2025/04/28 11:50:42.000,,-31.619998931885,
2025/04/28 11:50:48.000,-33.709999084473,,
2025/04/28 11:50:54.000,-33.599998474121,-31.5,
2025/04/28 11:50:59.000,,-31.389999389648,
2025/04/28 11:51:10.000,-33.380001068115,,
2025/04/28 11:51:16.000,-33.48999786377,-31.279998779297,
2025/04/28 11:51:33.000,-33.380001068115,,
2025/04/28 11:51:38.000,,-31.170000076294,
2025/04/28 11:51:44.000,-33.270000457764,,
2025/04/28 11:51:49.000,-33.380001068115,,
2025/04/28 11:51:55.000,-33.270000457764,-31.059999465942,
2025/04/28 11:52:00.000,-33.159999847412,,
2025/04/28 11:52:05.000,-33.270000457764,,
2025/04/28 11:52:11.000,-33.159999847412,,
2025/04/28 11:52:16.000,-33.270000457764,,
2025/04/28 11:52:22.000,-33.159999847412,,
2025/04/28 11:52:28.000,,-30.949998855591,
2025/04/28 11:52:34.000,-33.04999923706,,
2025/04/28 11:52:52.000,,-30.840000152588,
2025/04/28 11:52:57.000,-32.939998626709,,
2025/04/28 11:53:03.000,-33.04999923706,,
2025/04/28 11:53:25.000,-32.939998626709,,
2025/04/28 11:53:30.000,,-30.729999542236,
2025/04/28 11:54:15.000,-32.829998016357,,
2025/04/28 11:54:21.000,,-30.619998931885,
2025/04/28 11:54:50.000,-32.719997406006,,
2025/04/28 11:55:07.000,,-30.510000228882,
2025/04/28 11:55:19.000,,-30.619998931885,
2025/04/28 11:55:25.000,-32.829998016357,,
2025/04/28 11:55:54.000,,-30.510000228882,
2025/04/28 11:56:00.000,-32.719997406006,,
2025/04/28 11:56:05.000,-32.829998016357,,
2025/04/28 11:56:11.000,-32.719997406006,,
2025/04/28 11:56:16.000,-32.829998016357,-30.619998931885,
2025/04/28 11:56:40.000,-32.719997406006,,
2025/04/28 11:56:45.000,-32.829998016357,,
2025/04/28 11:58:34.000,-32.719997406006,,
2025/04/28 11:58:39.000,-32.829998016357,,
2025/04/28 11:59:36.000,-32.939998626709,,
2025/04/28 11:59:53.000,,-30.729999542236,
2025/04/28 12:00:05.000,-32.829998016357,,
2025/04/28 12:00:11.000,-32.939998626709,,
2025/04/28 12:00:16.000,-32.829998016357,,
2025/04/28 12:00:22.000,-32.939998626709,,
2025/04/28 12:00:51.000,-33.04999923706,,
2025/04/28 12:00:57.000,-32.939998626709,,
2025/04/28 12:01:03.000,-33.04999923706,,
2025/04/28 12:01:08.000,-32.939998626709,,
2025/04/28 12:01:14.000,-33.04999923706,,
2025/04/28 12:01:36.000,,-30.840000152588,
2025/04/28 12:01:48.000,-33.159999847412,,
2025/04/28 12:02:05.000,-33.270000457764,,
2025/04/28 12:02:11.000,,-30.949998855591,
2025/04/28 12:02:28.000,-33.380001068115,-31.059999465942,
2025/04/28 12:02:40.000,-33.270000457764,,
2025/04/28 12:03:08.000,-33.380001068115,,
2025/04/28 12:03:14.000,-33.270000457764,,
2025/04/28 12:03:20.000,-33.380001068115,,
2025/04/28 12:03:25.000,-33.270000457764,,
2025/04/28 12:03:31.000,-33.380001068115,,
2025/04/28 12:03:54.000,,-31.170000076294,
2025/04/28 12:03:59.000,-33.48999786377,,
2025/04/28 12:04:22.000,-33.599998474121,,
2025/04/28 12:04:28.000,-33.48999786377,-31.279998779297,
2025/04/28 12:04:34.000,-33.599998474121,,
2025/04/28 12:04:56.000,-33.709999084473,,
2025/04/28 12:05:02.000,,-31.389999389648,
2025/04/28 12:05:26.000,-33.829998016357,,
2025/04/28 12:05:31.000,,-31.5,
2025/04/28 12:05:42.000,-33.709999084473,,
2025/04/28 12:06:11.000,-33.829998016357,,
2025/04/28 12:07:06.000,-33.939998626709,,
2025/04/28 12:07:11.000,,-31.619998931885,
2025/04/28 12:07:17.000,-33.829998016357,,
2025/04/28 12:07:23.000,,-31.5,
2025/04/28 12:07:28.000,-33.939998626709,-31.619998931885,
2025/04/28 12:07:34.000,-33.829998016357,,
2025/04/28 12:07:51.000,-33.939998626709,,
2025/04/28 12:07:56.000,-33.829998016357,,
2025/04/28 12:08:01.000,-33.939998626709,,
2025/04/28 12:08:12.000,-33.829998016357,,
2025/04/28 12:08:39.000,-33.939998626709,,
2025/04/28 12:09:28.000,-34.04999923706,,
2025/04/28 12:09:33.000,-33.939998626709,,
2025/04/28 12:09:45.000,-34.04999923706,,
2025/04/28 12:09:56.000,,-31.729999542236,
2025/04/28 12:10:02.000,-34.159999847412,,
2025/04/28 12:10:07.000,-34.04999923706,-31.619998931885,
2025/04/28 12:10:13.000,,-31.729999542236,
2025/04/28 12:10:25.000,-33.939998626709,,
2025/04/28 12:10:30.000,-34.04999923706,,
2025/04/28 12:11:04.000,,-31.619998931885,
2025/04/28 12:11:15.000,-33.939998626709,-31.729999542236,
2025/04/28 12:11:26.000,-34.04999923706,-31.619998931885,
2025/04/28 12:11:32.000,,-31.729999542236,
2025/04/28 12:12:16.000,,-31.619998931885,
2025/04/28 12:12:21.000,,-31.729999542236,
2025/04/28 12:12:32.000,-34.159999847412,,
2025/04/28 12:12:44.000,-34.04999923706,,
2025/04/28 12:12:50.000,-34.159999847412,,
2025/04/28 12:13:18.000,,-31.840000152588,
2025/04/28 12:13:58.000,-34.04999923706,,
2025/04/28 12:14:03.000,-34.159999847412,,
2025/04/28 12:14:20.000,,-31.729999542236,
2025/04/28 12:14:25.000,,-31.840000152588,
2025/04/28 12:14:30.000,,-31.729999542236,
2025/04/28 12:14:36.000,-34.04999923706,,
2025/04/28 12:14:47.000,-34.159999847412,,
2025/04/28 12:14:58.000,,-31.840000152588,
2025/04/28 12:15:04.000,-34.270000457764,,
2025/04/28 12:15:09.000,-34.159999847412,,
2025/04/28 12:15:41.000,-34.270000457764,,
2025/04/28 12:15:53.000,-34.159999847412,,
2025/04/28 12:15:58.000,-34.270000457764,,
2025/04/28 12:16:37.000,,-31.949998855591,
2025/04/28 12:16:47.000,-34.159999847412,,
2025/04/28 12:16:53.000,-34.270000457764,,
2025/04/28 12:17:20.000,,-31.840000152588,
2025/04/28 12:17:26.000,,-31.949998855591,
2025/04/28 12:18:29.000,-34.380001068115,,
2025/04/28 12:19:02.000,-34.48999786377,,
2025/04/28 12:19:08.000,-34.380001068115,,
2025/04/28 12:19:13.000,-34.48999786377,-32.059997558594,
2025/04/28 12:20:17.000,,-32.169998168945,
2025/04/28 12:20:22.000,-34.380001068115,-32.059997558594,
2025/04/28 12:20:28.000,-34.48999786377,,
2025/04/28 12:21:19.000,-34.599998474121,,
2025/04/28 12:21:24.000,-34.48999786377,,
2025/04/28 12:21:30.000,-34.599998474121,-32.169998168945,
2025/04/28 12:22:20.000,-34.709999084473,,
2025/04/28 12:22:26.000,,-32.279998779297,
2025/04/28 12:22:32.000,-34.599998474121,-32.169998168945,
2025/04/28 12:22:37.000,-34.709999084473,-32.279998779297,
2025/04/28 12:22:43.000,-34.599998474121,,
2025/04/28 12:22:49.000,-34.709999084473,,
2025/04/28 12:23:05.000,-34.599998474121,,
2025/04/28 12:23:10.000,-34.709999084473,,
2025/04/28 12:23:22.000,-34.599998474121,,
2025/04/28 12:23:28.000,,-32.169998168945,
2025/04/28 12:23:40.000,-34.709999084473,,
2025/04/28 12:24:09.000,-34.599998474121,,
2025/04/28 12:24:15.000,-34.709999084473,,
2025/04/28 12:24:21.000,,-32.279998779297,
2025/04/28 12:24:32.000,,-32.169998168945,
2025/04/28 12:24:38.000,,-32.279998779297,
2025/04/28 12:25:23.000,-34.819999694824,,
2025/04/28 12:25:29.000,-34.709999084473,,
2025/04/28 12:25:34.000,-34.819999694824,,
2025/04/28 12:25:58.000,-34.709999084473,,
2025/04/28 12:26:16.000,-34.819999694824,,
2025/04/28 12:26:22.000,-34.709999084473,,
2025/04/28 12:26:45.000,-34.819999694824,,
2025/04/28 12:26:51.000,-34.709999084473,,
2025/04/28 12:27:12.000,-34.819999694824,,
2025/04/28 12:27:18.000,-34.709999084473,,
2025/04/28 12:27:24.000,-34.819999694824,,
2025/04/28 12:27:30.000,-34.709999084473,,
2025/04/28 12:27:36.000,-34.819999694824,,
2025/04/28 12:27:52.000,-34.709999084473,,
2025/04/28 12:27:58.000,-34.819999694824,,
2025/04/28 12:28:03.000,,-32.389999389648,
2025/04/28 12:28:08.000,-34.930000305176,,
2025/04/28 12:28:14.000,-34.819999694824,,
2025/04/28 12:28:20.000,-34.930000305176,,
2025/04/28 12:28:25.000,-34.819999694824,,
2025/04/28 12:28:30.000,-34.930000305176,,
2025/04/28 12:29:09.000,-34.819999694824,,
2025/04/28 12:29:14.000,-34.930000305176,,
2025/04/28 12:29:20.000,-34.819999694824,,
2025/04/28 12:29:26.000,-34.930000305176,,
2025/04/28 12:29:32.000,-34.819999694824,,
2025/04/28 12:30:16.000,-34.930000305176,,
2025/04/28 12:30:21.000,-34.819999694824,,
2025/04/28 12:30:33.000,-34.930000305176,,
2025/04/28 12:30:39.000,-34.819999694824,,
2025/04/28 12:30:45.000,-34.930000305176,,
2025/04/28 12:30:51.000,-34.819999694824,,
2025/04/28 12:30:56.000,-34.930000305176,,
2025/04/28 12:31:08.000,-34.819999694824,,
2025/04/28 12:31:13.000,-34.930000305176,,
2025/04/28 12:31:36.000,,-32.5,
2025/04/28 12:33:42.000,-35.040000915527,,
2025/04/28 12:34:33.000,-34.930000305176,,
2025/04/28 12:34:39.000,-35.040000915527,,
2025/04/28 12:34:44.000,-34.930000305176,,
2025/04/28 12:34:50.000,-35.040000915527,-32.610000610352,
2025/04/28 12:35:00.000,,-32.5,
2025/04/28 12:35:23.000,-34.930000305176,,
2025/04/28 12:35:28.000,-35.040000915527,,
2025/04/28 12:35:39.000,-34.930000305176,,
2025/04/28 12:35:45.000,-35.040000915527,,
2025/04/28 12:36:02.000,-34.930000305176,,
2025/04/28 12:36:14.000,-35.040000915527,,
2025/04/28 12:36:20.000,-34.930000305176,,
2025/04/28 12:36:26.000,-35.040000915527,,
2025/04/28 12:36:32.000,-34.930000305176,,
2025/04/28 12:36:37.000,-35.040000915527,,
2025/04/28 12:37:38.000,,-32.610000610352,
2025/04/28 12:38:18.000,-35.149997711182,,
2025/04/28 12:38:23.000,-35.040000915527,,
2025/04/28 12:38:57.000,-34.930000305176,,
2025/04/28 12:39:02.000,-35.040000915527,-32.5,
2025/04/28 12:39:19.000,-34.930000305176,,
2025/04/28 12:39:25.000,-35.040000915527,,
2025/04/28 12:40:22.000,,-32.610000610352,
2025/04/28 12:40:34.000,-35.149997711182,,
2025/04/28 12:41:02.000,-35.040000915527,,
2025/04/28 12:41:14.000,-35.149997711182,,
2025/04/28 12:41:53.000,-35.040000915527,,
2025/04/28 12:42:16.000,-35.149997711182,,
2025/04/28 12:42:22.000,-35.040000915527,,
2025/04/28 12:43:00.000,-35.149997711182,,
2025/04/28 12:43:16.000,-35.040000915527,,
2025/04/28 12:43:22.000,-35.149997711182,,
2025/04/28 12:44:07.000,-35.040000915527,,
2025/04/28 12:44:12.000,-35.149997711182,,
2025/04/28 12:44:23.000,-35.040000915527,,
2025/04/28 12:44:29.000,-35.149997711182,,
2025/04/28 12:44:34.000,-35.040000915527,,
2025/04/28 12:44:57.000,-35.149997711182,,
2025/04/28 12:45:03.000,-35.040000915527,,
2025/04/28 12:45:47.000,-35.149997711182,,
2025/04/28 12:45:52.000,-35.040000915527,,
2025/04/28 12:46:02.000,-35.149997711182,,
2025/04/28 12:47:21.000,-35.040000915527,,
2025/04/28 12:47:26.000,-35.149997711182,,
2025/04/28 12:47:43.000,-35.040000915527,,
2025/04/28 12:47:59.000,-35.149997711182,,
2025/04/28 12:48:05.000,-35.040000915527,,
2025/04/28 12:49:02.000,-35.149997711182,,
2025/04/28 12:49:07.000,-35.040000915527,,
2025/04/28 12:49:13.000,-35.149997711182,,
2025/04/28 12:49:30.000,-35.040000915527,,
2025/04/28 12:49:36.000,-35.149997711182,,
2025/04/28 12:49:38.000,,-32.719997406006,
2025/04/28 12:49:42.000,-35.259998321533,,
2025/04/28 12:49:44.000,,-32.829998016357,
2025/04/28 12:49:47.000,-35.369998931885,,
2025/04/28 12:49:49.000,,-32.939998626709,
2025/04/28 12:49:55.000,,-33.04999923706,
2025/04/28 12:50:01.000,,-33.270000457764,
2025/04/28 12:50:05.000,-35.479999542236,,
2025/04/28 12:50:06.000,,-33.380001068115,
2025/04/28 12:50:11.000,-35.369998931885,,
2025/04/28 12:50:16.000,-35.479999542236,,
2025/04/28 12:50:17.000,,-33.48999786377,
2025/04/28 12:50:29.000,,-33.599998474121,
2025/04/28 12:50:44.000,-35.369998931885,,
2025/04/28 12:50:50.000,-35.479999542236,,
2025/04/28 12:50:55.000,-35.369998931885,,
2025/04/28 12:51:01.000,-35.479999542236,,
2025/04/28 12:51:06.000,-35.369998931885,,
2025/04/28 12:51:16.000,-35.479999542236,,
2025/04/28 12:51:20.000,,-33.709999084473,
2025/04/28 12:51:22.000,-35.369998931885,,
2025/04/28 12:51:25.000,,-33.599998474121,
2025/04/28 12:51:33.000,-35.479999542236,,
2025/04/28 12:51:36.000,,-33.709999084473,
2025/04/28 12:51:38.000,-35.369998931885,,
2025/04/28 12:51:43.000,-35.479999542236,,
2025/04/28 12:51:49.000,-35.369998931885,,
2025/04/28 12:52:24.000,-35.479999542236,,
2025/04/28 12:52:30.000,-35.369998931885,,
2025/04/28 12:52:35.000,-35.479999542236,,
2025/04/28 12:52:41.000,-35.369998931885,,
2025/04/28 12:53:30.000,-35.259998321533,,
2025/04/28 12:53:35.000,-35.369998931885,,
2025/04/28 12:53:47.000,-35.259998321533,,
2025/04/28 12:53:51.000,,-33.599998474121,
2025/04/28 12:53:57.000,,-33.709999084473,
2025/04/28 12:53:58.000,-35.369998931885,,
2025/04/28 12:54:08.000,-35.259998321533,,
2025/04/28 12:54:14.000,-35.369998931885,-33.599998474121,
2025/04/28 12:54:26.000,-35.259998321533,,
2025/04/28 12:54:31.000,-35.369998931885,-33.709999084473,
2025/04/28 12:54:37.000,,-33.599998474121,
2025/04/28 12:54:42.000,,-33.709999084473,
2025/04/28 12:54:48.000,,-33.599998474121,
2025/04/28 12:54:59.000,,-33.709999084473,
2025/04/28 12:55:44.000,,-33.599998474121,
2025/04/28 12:55:49.000,-35.259998321533,,
2025/04/28 12:55:55.000,-35.369998931885,,
2025/04/28 12:56:01.000,,-33.709999084473,
2025/04/28 12:56:06.000,,-33.599998474121,
2025/04/28 12:56:12.000,,-33.709999084473,
2025/04/28 12:56:17.000,-35.259998321533,-33.599998474121,
2025/04/28 12:56:22.000,-35.369998931885,,
2025/04/28 12:56:28.000,-35.259998321533,,
2025/04/28 12:56:39.000,-35.369998931885,-33.709999084473,
2025/04/28 12:56:45.000,-35.259998321533,,
2025/04/28 12:56:50.000,,-33.599998474121,
2025/04/28 12:57:47.000,-35.369998931885,,
2025/04/28 12:57:53.000,-35.259998321533,,
2025/04/28 12:59:01.000,-35.369998931885,,
2025/04/28 12:59:06.000,-35.259998321533,,
2025/04/28 12:59:56.000,-35.149997711182,,
2025/04/28 13:00:01.000,-35.259998321533,,
2025/04/28 13:00:19.000,-35.149997711182,,
2025/04/28 13:00:24.000,-35.259998321533,,
2025/04/28 13:00:41.000,-35.149997711182,,
2025/04/28 13:00:52.000,-35.259998321533,,
2025/04/28 13:01:37.000,-35.369998931885,,
2025/04/28 13:01:43.000,-35.259998321533,,
2025/04/28 13:02:16.000,-35.369998931885,,
2025/04/28 13:02:22.000,-35.259998321533,,
2025/04/28 13:03:29.000,-35.149997711182,,
2025/04/28 13:03:40.000,-35.259998321533,,
2025/04/28 13:04:03.000,-35.149997711182,,
2025/04/28 13:04:08.000,-35.259998321533,,
2025/04/28 13:05:52.000,-35.149997711182,,
2025/04/28 13:06:03.000,-35.259998321533,-33.48999786377,
2025/04/28 13:06:08.000,-35.149997711182,,
2025/04/28 13:06:32.000,-35.259998321533,,
2025/04/28 13:06:38.000,-35.149997711182,,
2025/04/28 13:06:44.000,-35.259998321533,,
2025/04/28 13:06:49.000,,-33.599998474121,
2025/04/28 13:06:54.000,,-33.48999786377,
2025/04/28 13:07:00.000,-35.149997711182,-33.599998474121,
2025/04/28 13:07:12.000,-35.259998321533,,
2025/04/28 13:07:17.000,-35.149997711182,,
2025/04/28 13:07:23.000,-35.259998321533,,
2025/04/28 13:08:12.000,-35.369998931885,,
2025/04/28 13:08:17.000,-35.259998321533,,
2025/04/28 13:08:52.000,-35.149997711182,,
2025/04/28 13:08:58.000,-35.259998321533,,
2025/04/28 13:09:09.000,-35.149997711182,,
2025/04/28 13:09:20.000,,-33.48999786377,
2025/04/28 13:09:26.000,,-33.599998474121,
2025/04/28 13:09:48.000,,-33.48999786377,
2025/04/28 13:09:54.000,-35.259998321533,,
2025/04/28 13:09:59.000,-35.149997711182,,
2025/04/28 13:10:05.000,-35.259998321533,,
2025/04/28 13:10:15.000,,-33.599998474121,
2025/04/28 13:11:57.000,-35.149997711182,,
2025/04/28 13:12:03.000,-35.259998321533,,
2025/04/28 13:12:14.000,-35.149997711182,,
2025/04/28 13:12:19.000,,-33.48999786377,
2025/04/28 13:12:41.000,-35.259998321533,,
2025/04/28 13:12:46.000,,-33.599998474121,
2025/04/28 13:13:15.000,-35.149997711182,,
2025/04/28 13:13:20.000,-35.259998321533,,
2025/04/28 13:14:32.000,-35.369998931885,,
2025/04/28 13:14:38.000,-35.259998321533,,
2025/04/28 13:15:12.000,-35.149997711182,,
2025/04/28 13:15:29.000,-35.259998321533,,
2025/04/28 13:15:40.000,-35.149997711182,,
2025/04/28 13:15:45.000,-35.259998321533,,
2025/04/28 13:16:02.000,-35.149997711182,,
2025/04/28 13:16:08.000,-35.259998321533,,
2025/04/28 13:16:52.000,-35.369998931885,,
2025/04/28 13:16:58.000,-35.259998321533,,
2025/04/28 13:17:03.000,-35.149997711182,,
2025/04/28 13:17:08.000,-35.259998321533,,
2025/04/28 13:17:36.000,-35.149997711182,,
2025/04/28 13:17:42.000,-35.259998321533,,
2025/04/28 13:17:53.000,-35.149997711182,,
2025/04/28 13:17:58.000,-35.259998321533,,
2025/04/28 13:18:04.000,-35.149997711182,,
2025/04/28 13:18:10.000,-35.259998321533,,
2025/04/28 13:18:15.000,-35.149997711182,,
2025/04/28 13:18:26.000,-35.259998321533,,
2025/04/28 13:18:42.000,-35.149997711182,,
2025/04/28 13:18:47.000,-35.259998321533,,
2025/04/28 13:18:58.000,-35.149997711182,,
2025/04/28 13:19:04.000,-35.259998321533,,
2025/04/28 13:19:16.000,-35.149997711182,,
2025/04/28 13:19:27.000,-35.259998321533,,
2025/04/28 13:19:49.000,-35.369998931885,,
2025/04/28 13:19:55.000,-35.259998321533,,
2025/04/28 13:20:06.000,-35.149997711182,,
2025/04/28 13:20:11.000,-35.259998321533,,
2025/04/28 13:22:46.000,-35.369998931885,,
2025/04/28 13:22:52.000,-35.259998321533,,
2025/04/28 13:22:58.000,-35.369998931885,,
2025/04/28 13:23:04.000,,-33.709999084473,
2025/04/28 13:23:15.000,,-33.599998474121,
2025/04/28 13:23:21.000,-35.259998321533,,
2025/04/28 13:23:32.000,-35.369998931885,,
2025/04/28 13:23:50.000,-35.259998321533,,
2025/04/28 13:23:55.000,-35.369998931885,-33.709999084473,
2025/04/28 13:24:00.000,-35.259998321533,,
2025/04/28 13:24:06.000,,-33.599998474121,
2025/04/28 13:24:12.000,-35.369998931885,-33.709999084473,
2025/04/28 13:24:18.000,-35.259998321533,,
2025/04/28 13:24:24.000,,-33.599998474121,
2025/04/28 13:25:03.000,-35.369998931885,,
2025/04/28 13:25:15.000,-35.259998321533,,
2025/04/28 13:25:38.000,-35.369998931885,,
2025/04/28 13:25:44.000,-35.259998321533,,
2025/04/28 13:25:49.000,-35.369998931885,-33.709999084473,
2025/04/28 13:26:22.000,-35.259998321533,,
2025/04/28 13:26:28.000,-35.369998931885,,
2025/04/28 13:26:45.000,-35.259998321533,,
2025/04/28 13:26:50.000,-35.369998931885,,
2025/04/28 13:27:02.000,-35.259998321533,,
2025/04/28 13:27:19.000,-35.369998931885,,
2025/04/28 13:27:25.000,-35.259998321533,,
2025/04/28 13:27:36.000,-35.149997711182,-33.599998474121,
2025/04/28 13:27:42.000,-35.259998321533,,
2025/04/28 13:27:53.000,-35.149997711182,,
2025/04/28 13:27:59.000,-35.259998321533,,
2025/04/28 13:28:05.000,-35.369998931885,,
2025/04/28 13:28:10.000,-35.259998321533,,
2025/04/28 13:28:15.000,-35.369998931885,,
2025/04/28 13:28:21.000,-35.259998321533,,
2025/04/28 13:28:37.000,-35.369998931885,,
2025/04/28 13:28:43.000,-35.259998321533,,
2025/04/28 13:28:49.000,-35.369998931885,-33.709999084473,
2025/04/28 13:28:54.000,-35.259998321533,-33.599998474121,
2025/04/28 13:29:05.000,-35.369998931885,-33.709999084473,
2025/04/28 13:29:17.000,-35.259998321533,,
2025/04/28 13:29:23.000,-35.369998931885,,
2025/04/28 13:30:02.000,-35.259998321533,,
2025/04/28 13:30:07.000,-35.369998931885,,
2025/04/28 13:30:24.000,-35.259998321533,,
2025/04/28 13:30:35.000,-35.369998931885,,
2025/04/28 13:30:41.000,-35.259998321533,,
2025/04/28 13:30:58.000,-35.369998931885,-33.599998474121,
2025/04/28 13:31:03.000,-35.259998321533,-33.709999084473,
2025/04/28 13:31:09.000,,-33.599998474121,
2025/04/28 13:31:42.000,-35.369998931885,,
2025/04/28 13:31:47.000,-35.259998321533,,
2025/04/28 13:31:53.000,-35.369998931885,,
2025/04/28 13:31:59.000,,-33.709999084473,
2025/04/28 13:32:05.000,-35.259998321533,-33.599998474121,
2025/04/28 13:32:16.000,-35.369998931885,,
2025/04/28 13:32:39.000,,-33.709999084473,
2025/04/28 13:32:45.000,-35.259998321533,,
2025/04/28 13:32:56.000,,-33.599998474121,
2025/04/28 13:33:02.000,-35.369998931885,,
2025/04/28 13:33:07.000,-35.259998321533,-33.709999084473,
2025/04/28 13:33:13.000,-35.369998931885,,
2025/04/28 13:33:18.000,-35.259998321533,,
2025/04/28 13:33:24.000,,-33.599998474121,
2025/04/28 13:33:57.000,-35.149997711182,,
2025/04/28 13:34:03.000,-35.259998321533,,
2025/04/28 13:34:25.000,-35.149997711182,,
2025/04/28 13:34:30.000,-35.259998321533,,
2025/04/28 13:35:42.000,-35.369998931885,,
2025/04/28 13:35:54.000,-35.259998321533,,
2025/04/28 13:36:06.000,-35.369998931885,,
2025/04/28 13:36:11.000,-35.259998321533,,
2025/04/28 13:36:44.000,-35.149997711182,,
2025/04/28 13:36:49.000,-35.259998321533,,
2025/04/28 13:37:00.000,-35.149997711182,,
2025/04/28 13:37:06.000,-35.259998321533,,
2025/04/28 13:37:22.000,-35.149997711182,,
2025/04/28 13:37:28.000,-35.259998321533,,
2025/04/28 13:37:45.000,-35.369998931885,,
2025/04/28 13:37:51.000,-35.259998321533,,
2025/04/28 13:37:56.000,-35.369998931885,,
2025/04/28 13:38:02.000,-35.259998321533,,
2025/04/28 13:38:30.000,-35.369998931885,,
2025/04/28 13:38:36.000,-35.259998321533,,
2025/04/28 13:39:08.000,-35.149997711182,,
2025/04/28 13:39:13.000,-35.259998321533,,
2025/04/28 13:39:49.000,-35.149997711182,,
2025/04/28 13:39:55.000,-35.259998321533,,
2025/04/28 13:40:05.000,-35.149997711182,,
2025/04/28 13:40:11.000,-35.259998321533,,
2025/04/28 13:40:49.000,-35.369998931885,,
2025/04/28 13:40:55.000,-35.259998321533,,
2025/04/28 13:41:00.000,-35.369998931885,,
2025/04/28 13:41:06.000,-35.259998321533,,
2025/04/28 13:41:12.000,-35.369998931885,,
2025/04/28 13:41:18.000,,-33.709999084473,
2025/04/28 13:41:40.000,-35.259998321533,-33.599998474121,
2025/04/28 13:41:45.000,,-33.709999084473,
2025/04/28 13:41:51.000,-35.369998931885,,
2025/04/28 13:41:57.000,-35.259998321533,,
2025/04/28 13:42:03.000,-35.369998931885,,
2025/04/28 13:42:19.000,-35.259998321533,,
2025/04/28 13:42:36.000,,-33.599998474121,
2025/04/28 13:43:25.000,-35.369998931885,,
2025/04/28 13:43:30.000,-35.259998321533,,
2025/04/28 13:43:53.000,-35.369998931885,,
2025/04/28 13:44:10.000,,-33.709999084473,
2025/04/28 13:44:16.000,-35.259998321533,,
2025/04/28 13:44:27.000,,-33.599998474121,
2025/04/28 13:45:01.000,-35.149997711182,,
2025/04/28 13:45:07.000,-35.259998321533,,
2025/04/28 13:45:42.000,-35.149997711182,,
2025/04/28 13:45:59.000,-35.259998321533,,
2025/04/28 13:46:09.000,-35.149997711182,,
2025/04/28 13:46:21.000,-35.259998321533,,
2025/04/28 13:46:27.000,,-33.48999786377,
2025/04/28 13:46:32.000,-35.149997711182,-33.599998474121,
2025/04/28 13:46:44.000,-35.259998321533,-33.48999786377,
2025/04/28 13:46:50.000,-35.149997711182,-33.599998474121,
2025/04/28 13:46:56.000,-35.259998321533,,
2025/04/28 13:47:02.000,-35.149997711182,,
2025/04/28 13:47:08.000,-35.259998321533,,
2025/04/28 13:47:52.000,-35.149997711182,,
2025/04/28 13:47:57.000,-35.259998321533,,
2025/04/28 13:48:35.000,-35.149997711182,,
2025/04/28 13:48:41.000,-35.259998321533,,
2025/04/28 13:48:46.000,-35.149997711182,,
2025/04/28 13:49:02.000,-35.259998321533,,
2025/04/28 13:49:07.000,-35.149997711182,,
2025/04/28 13:49:13.000,,-33.48999786377,
2025/04/28 13:49:19.000,-35.259998321533,,
2025/04/28 13:49:25.000,-35.149997711182,,
2025/04/28 13:49:36.000,-35.259998321533,,
2025/04/28 13:49:41.000,-35.149997711182,,
2025/04/28 13:49:46.000,-35.259998321533,,
2025/04/28 13:49:52.000,,-33.599998474121,
2025/04/28 13:50:37.000,-35.369998931885,,
2025/04/28 13:50:42.000,-35.259998321533,,
2025/04/28 13:51:27.000,-35.149997711182,,
2025/04/28 13:51:38.000,-35.259998321533,,
2025/04/28 13:51:44.000,-35.149997711182,,
2025/04/28 13:52:06.000,-35.259998321533,,
2025/04/28 13:52:56.000,-35.149997711182,,
2025/04/28 13:53:01.000,-35.259998321533,,
2025/04/28 13:53:07.000,-35.149997711182,,
2025/04/28 13:53:12.000,-35.259998321533,,
2025/04/28 13:54:09.000,-35.369998931885,,
2025/04/28 13:54:15.000,-35.259998321533,,
2025/04/28 13:54:44.000,-35.149997711182,,
2025/04/28 13:54:55.000,-35.259998321533,,
2025/04/28 13:55:11.000,-35.149997711182,,
2025/04/28 13:55:16.000,-35.259998321533,,
2025/04/28 13:56:07.000,-35.149997711182,,
2025/04/28 13:56:13.000,-35.259998321533,,
2025/04/28 13:57:04.000,-35.149997711182,,
2025/04/28 13:57:10.000,-35.259998321533,,
2025/04/28 13:57:21.000,-35.369998931885,,
2025/04/28 13:57:26.000,-35.259998321533,,
2025/04/28 13:57:43.000,-35.149997711182,,
2025/04/28 13:57:49.000,-35.259998321533,,
2025/04/28 13:58:00.000,-35.149997711182,,
2025/04/28 13:58:06.000,-35.259998321533,,
2025/04/28 13:58:28.000,-35.149997711182,,
2025/04/28 13:58:34.000,-35.259998321533,,
2025/04/28 13:58:55.000,-35.149997711182,,
2025/04/28 13:59:01.000,-35.259998321533,,
2025/04/28 13:59:52.000,-35.369998931885,,
2025/04/28 13:59:57.000,-35.259998321533,,
2025/04/28 14:01:04.000,-35.149997711182,,
2025/04/28 14:01:10.000,-35.259998321533,,
2025/04/28 14:02:28.000,-35.369998931885,,
2025/04/28 14:02:34.000,-35.259998321533,,
2025/04/28 14:03:01.000,-35.369998931885,,
2025/04/28 14:03:07.000,-35.149997711182,,
2025/04/28 14:03:13.000,-35.259998321533,,
2025/04/28 14:03:41.000,-35.149997711182,,
2025/04/28 14:03:52.000,-35.259998321533,,
2025/04/28 14:03:58.000,-35.149997711182,,
2025/04/28 14:04:16.000,-35.259998321533,,
2025/04/28 14:04:17.000,,-33.48999786377,
2025/04/28 14:04:23.000,,-33.380001068115,
2025/04/28 14:04:27.000,-35.149997711182,,
2025/04/28 14:04:28.000,,-33.270000457764,
2025/04/28 14:04:34.000,,-33.04999923706,
2025/04/28 14:04:39.000,,-32.719997406006,
2025/04/28 14:04:44.000,-35.040000915527,-32.610000610352,
2025/04/28 14:04:50.000,-35.149997711182,-32.389999389648,
2025/04/28 14:05:02.000,-35.040000915527,,
2025/04/28 14:05:08.000,-35.149997711182,,
2025/04/28 14:05:14.000,-35.040000915527,,
2025/04/28 14:05:25.000,-35.149997711182,,
2025/04/28 14:06:12.000,-35.040000915527,,
2025/04/28 14:06:45.000,-34.930000305176,,
2025/04/28 14:06:51.000,-35.040000915527,,
2025/04/28 14:06:56.000,-34.930000305176,,
2025/04/28 14:07:30.000,-35.040000915527,-32.5,
2025/04/28 14:07:36.000,,-32.719997406006,
2025/04/28 14:07:41.000,,-32.939998626709,
2025/04/28 14:07:47.000,-35.149997711182,-33.159999847412,
2025/04/28 14:07:53.000,,-33.380001068115,
2025/04/28 14:07:59.000,-35.259998321533,-34.04999923706,
2025/04/28 14:08:04.000,,-34.159999847412,
2025/04/28 14:08:10.000,,-33.939998626709,
2025/04/28 14:08:15.000,,-33.829998016357,
2025/04/28 14:08:21.000,-35.149997711182,-33.709999084473,
2025/04/28 14:08:26.000,,-33.599998474121,
2025/04/28 14:08:37.000,,-33.709999084473,
2025/04/28 14:08:43.000,-35.040000915527,,
2025/04/28 14:08:49.000,-35.149997711182,,
2025/04/28 14:09:05.000,-35.040000915527,,
2025/04/28 14:09:10.000,-35.149997711182,,
2025/04/28 14:09:16.000,-35.040000915527,-33.599998474121,
2025/04/28 14:09:44.000,-34.930000305176,,
2025/04/28 14:09:56.000,-35.040000915527,,
2025/04/28 14:10:57.000,-34.930000305176,,
2025/04/28 14:11:03.000,-35.040000915527,,
2025/04/28 14:11:09.000,-34.930000305176,,
2025/04/28 14:11:14.000,-35.040000915527,,
2025/04/28 14:11:20.000,-34.930000305176,,
2025/04/28 14:11:26.000,-35.040000915527,,
2025/04/28 14:12:05.000,-35.149997711182,,
2025/04/28 14:12:11.000,-35.040000915527,,
2025/04/28 14:12:16.000,-34.930000305176,,
2025/04/28 14:12:28.000,-35.040000915527,,
2025/04/28 14:12:39.000,-34.930000305176,,
2025/04/28 14:12:55.000,,-33.48999786377,
2025/04/28 14:13:01.000,-35.040000915527,,
2025/04/28 14:13:06.000,-34.930000305176,,
2025/04/28 14:13:12.000,,-33.599998474121,
2025/04/28 14:13:18.000,,-33.48999786377,
2025/04/28 14:13:53.000,-35.040000915527,,
2025/04/28 14:13:59.000,-34.930000305176,,
2025/04/28 14:14:04.000,-35.040000915527,,
2025/04/28 14:14:20.000,-34.930000305176,,
2025/04/28 14:14:27.000,,-33.599998474121,
2025/04/28 14:14:32.000,-35.040000915527,,
2025/04/28 14:14:37.000,-34.930000305176,,
2025/04/28 14:14:42.000,-35.040000915527,,
2025/04/28 14:14:48.000,-34.930000305176,,
2025/04/28 14:15:18.000,,-33.48999786377,
2025/04/28 14:15:23.000,-35.040000915527,,
2025/04/28 14:15:29.000,-34.930000305176,,
2025/04/28 14:16:56.000,-34.819999694824,,
2025/04/28 14:17:01.000,-34.930000305176,,
2025/04/28 14:17:29.000,-35.040000915527,,
2025/04/28 14:17:35.000,-34.930000305176,,
2025/04/28 14:18:26.000,-34.819999694824,,
2025/04/28 14:18:32.000,-34.709999084473,-33.380001068115,
2025/04/28 14:18:37.000,-34.819999694824,-33.270000457764,
2025/04/28 14:18:43.000,-34.709999084473,-33.04999923706,
2025/04/28 14:18:49.000,-34.599998474121,-32.939998626709,
2025/04/28 14:18:55.000,,-32.829998016357,
2025/04/28 14:19:05.000,,-32.719997406006,
2025/04/28 14:19:11.000,-34.48999786377,-32.610000610352,
2025/04/28 14:19:22.000,-34.380001068115,-32.5,
2025/04/28 14:19:28.000,-34.270000457764,-32.389999389648,
2025/04/28 14:19:38.000,-34.159999847412,-32.279998779297,
2025/04/28 14:19:44.000,-34.04999923706,-32.169998168945,
2025/04/28 14:19:50.000,,-32.059997558594,
2025/04/28 14:19:56.000,-33.939998626709,-31.949998855591,
2025/04/28 14:20:01.000,-34.04999923706,,
2025/04/28 14:20:07.000,-33.829998016357,,
2025/04/28 14:20:12.000,,-31.840000152588,
2025/04/28 14:20:23.000,,-31.729999542236,
2025/04/28 14:20:29.000,-33.709999084473,,
2025/04/28 14:20:35.000,-33.829998016357,,
2025/04/28 14:20:46.000,-33.709999084473,,
2025/04/28 14:20:52.000,-33.599998474121,-31.619998931885,
2025/04/28 14:20:58.000,-33.709999084473,-31.5,
2025/04/28 14:21:15.000,-33.599998474121,,
2025/04/28 14:21:27.000,,-31.389999389648,
2025/04/28 14:21:56.000,-33.380001068115,,
2025/04/28 14:22:02.000,-33.48999786377,-31.279998779297,
2025/04/28 14:22:08.000,-33.599998474121,,
2025/04/28 14:22:14.000,,-31.389999389648,
2025/04/28 14:22:19.000,,-31.279998779297,
2025/04/28 14:22:25.000,-33.48999786377,,
2025/04/28 14:22:31.000,-33.599998474121,,
2025/04/28 14:22:37.000,,-31.389999389648,
2025/04/28 14:23:10.000,,-31.279998779297,
2025/04/28 14:23:27.000,-33.709999084473,-31.389999389648,
2025/04/28 14:23:59.000,-33.829998016357,,
2025/04/28 14:24:27.000,,-31.5,
2025/04/28 14:24:33.000,,-31.389999389648,
2025/04/28 14:24:44.000,,-31.5,
2025/04/28 14:25:13.000,,-31.389999389648,
2025/04/28 14:25:24.000,-33.709999084473,,
2025/04/28 14:25:42.000,-33.829998016357,,
2025/04/28 14:26:04.000,-33.709999084473,,
2025/04/28 14:26:10.000,-33.829998016357,,
2025/04/28 14:26:21.000,,-31.5,
2025/04/28 14:27:09.000,-33.939998626709,,
2025/04/28 14:27:14.000,-33.829998016357,,
2025/04/28 14:27:20.000,-33.939998626709,,
2025/04/28 14:27:25.000,-33.829998016357,,
2025/04/28 14:27:36.000,-33.939998626709,,
2025/04/28 14:27:41.000,-33.829998016357,,
2025/04/28 14:27:47.000,-33.939998626709,,
2025/04/28 14:28:04.000,-33.829998016357,,
2025/04/28 14:29:18.000,-33.939998626709,,
2025/04/28 14:29:52.000,-33.829998016357,,
2025/04/28 14:29:58.000,-33.939998626709,,
2025/04/28 14:30:26.000,,-31.619998931885,
2025/04/28 14:30:54.000,-33.829998016357,-31.5,
2025/04/28 14:30:59.000,-33.939998626709,-31.619998931885,
2025/04/28 14:31:05.000,,-31.5,
2025/04/28 14:31:23.000,-33.829998016357,,
2025/04/28 14:31:29.000,-33.939998626709,,
2025/04/28 14:31:40.000,-33.829998016357,,
2025/04/28 14:31:46.000,-33.939998626709,,
2025/04/28 14:32:02.000,,-31.619998931885,
2025/04/28 14:32:20.000,-34.04999923706,,
2025/04/28 14:32:25.000,-33.939998626709,,
2025/04/28 14:32:48.000,-34.04999923706,,
2025/04/28 14:33:06.000,-33.939998626709,,
2025/04/28 14:33:23.000,-34.04999923706,,
2025/04/28 14:33:28.000,-33.939998626709,,
2025/04/28 14:33:34.000,-34.04999923706,,
2025/04/28 14:33:39.000,-33.939998626709,,
2025/04/28 14:33:50.000,-34.04999923706,,
2025/04/28 14:33:56.000,-33.939998626709,,
2025/04/28 14:34:46.000,-34.04999923706,,
2025/04/28 14:34:52.000,-33.939998626709,,
2025/04/28 14:36:01.000,-34.04999923706,,
2025/04/28 14:36:07.000,-33.939998626709,,
2025/04/28 14:36:12.000,-34.04999923706,,
2025/04/28 14:36:39.000,-33.939998626709,,
2025/04/28 14:36:45.000,-34.04999923706,,
2025/04/28 14:36:56.000,-33.939998626709,,
2025/04/28 14:38:09.000,,-31.5,
2025/04/28 14:38:15.000,,-31.619998931885,
2025/04/28 14:38:22.000,-34.04999923706,,
2025/04/28 14:39:13.000,-34.159999847412,,
2025/04/28 14:39:19.000,-34.04999923706,,
2025/04/28 14:39:23.000,,-31.729999542236,
2025/04/28 14:39:36.000,-34.159999847412,,
2025/04/28 14:39:42.000,-34.04999923706,,
2025/04/28 14:39:53.000,-34.159999847412,,
2025/04/28 14:40:05.000,-34.04999923706,,
2025/04/28 14:40:55.000,-34.159999847412,,
2025/04/28 14:41:00.000,-34.04999923706,,
2025/04/28 14:41:17.000,-34.159999847412,,
2025/04/28 14:41:23.000,-34.04999923706,,
2025/04/28 14:41:34.000,-34.159999847412,,
2025/04/28 14:42:06.000,,-31.840000152588,
2025/04/28 14:42:07.000,-34.270000457764,,
2025/04/28 14:42:13.000,-34.159999847412,,
2025/04/28 14:42:18.000,-34.270000457764,,
2025/04/28 14:42:24.000,-34.159999847412,,
2025/04/28 14:42:41.000,-34.270000457764,,
2025/04/28 14:42:52.000,-34.159999847412,,
2025/04/28 14:42:58.000,-34.270000457764,,
2025/04/28 14:43:09.000,-34.159999847412,,
2025/04/28 14:43:48.000,,-31.729999542236,
2025/04/28 14:43:54.000,,-31.840000152588,
2025/04/28 14:44:00.000,,-31.729999542236,
2025/04/28 14:44:12.000,,-31.840000152588,
2025/04/28 14:44:24.000,-34.270000457764,,
2025/04/28 14:45:20.000,-34.380001068115,,
2025/04/28 14:45:26.000,-34.270000457764,,
2025/04/28 14:45:32.000,-34.380001068115,,
2025/04/28 14:45:37.000,-34.270000457764,,
2025/04/28 14:45:42.000,-34.380001068115,,
2025/04/28 14:45:53.000,-34.270000457764,,
2025/04/28 14:45:59.000,-34.380001068115,,
2025/04/28 14:46:04.000,-34.270000457764,,
2025/04/28 14:46:42.000,-34.380001068115,,
2025/04/28 14:46:47.000,-34.270000457764,,
2025/04/28 14:46:53.000,-34.380001068115,,
2025/04/28 14:47:16.000,-34.270000457764,,
2025/04/28 14:47:22.000,-34.380001068115,,
2025/04/28 14:47:28.000,,-31.949998855591,
2025/04/28 14:47:51.000,-34.48999786377,,
2025/04/28 14:47:56.000,-34.380001068115,,
2025/04/28 14:48:01.000,-34.48999786377,,
2025/04/28 14:48:07.000,-34.380001068115,,
2025/04/28 14:48:40.000,-34.48999786377,,
2025/04/28 14:49:03.000,,-32.059997558594,
2025/04/28 14:49:32.000,,-31.949998855591,
2025/04/28 14:49:37.000,,-32.059997558594,
2025/04/28 14:50:15.000,-34.599998474121,,
2025/04/28 14:50:21.000,-34.48999786377,,
2025/04/28 14:50:27.000,-34.599998474121,,
2025/04/28 14:50:48.000,,-32.169998168945,
2025/04/28 14:50:53.000,-34.709999084473,,
2025/04/28 14:51:31.000,,-32.279998779297,
2025/04/28 14:51:37.000,,-32.169998168945,
2025/04/28 14:51:43.000,,-32.279998779297,
2025/04/28 14:53:21.000,-34.819999694824,,
2025/04/28 14:53:27.000,-34.709999084473,,
2025/04/28 14:53:39.000,-34.819999694824,,
2025/04/28 14:53:55.000,-34.930000305176,,
2025/04/28 14:54:01.000,-34.819999694824,,
2025/04/28 14:54:06.000,,-32.389999389648,
2025/04/28 14:54:17.000,-34.930000305176,,
2025/04/28 14:54:51.000,-35.040000915527,,
2025/04/28 14:54:56.000,,-32.5,
2025/04/28 14:55:02.000,-34.930000305176,,
2025/04/28 14:55:08.000,-35.040000915527,,
2025/04/28 14:55:14.000,-34.930000305176,,
2025/04/28 14:55:36.000,-35.040000915527,,
2025/04/28 14:55:41.000,-34.930000305176,,
2025/04/28 14:55:58.000,-35.040000915527,,
2025/04/28 14:56:32.000,-35.149997711182,,
2025/04/28 14:56:43.000,-35.040000915527,,
2025/04/28 14:56:54.000,,-32.610000610352,
2025/04/28 14:56:59.000,-35.149997711182,,
2025/04/28 14:57:27.000,-35.259998321533,,
2025/04/28 14:57:38.000,,-32.719997406006,
2025/04/28 14:57:55.000,-35.149997711182,,
2025/04/28 14:58:06.000,-35.259998321533,-32.610000610352,
2025/04/28 14:58:11.000,-35.149997711182,,
2025/04/28 14:58:17.000,-35.040000915527,,
2025/04/28 14:59:02.000,-35.149997711182,,
2025/04/28 14:59:57.000,-35.259998321533,,
2025/04/28 15:00:02.000,-35.149997711182,,
2025/04/28 15:01:35.000,-35.040000915527,,
2025/04/28 15:01:46.000,-35.149997711182,,
2025/04/28 15:02:09.000,-35.040000915527,,
2025/04/28 15:02:21.000,-35.149997711182,,
2025/04/28 15:03:12.000,-35.040000915527,,
2025/04/28 15:03:59.000,,-32.5,
2025/04/28 15:04:38.000,-34.930000305176,,
2025/04/28 15:05:34.000,-35.040000915527,,
2025/04/28 15:05:56.000,-34.930000305176,,
2025/04/28 15:06:01.000,-35.040000915527,,
2025/04/28 15:06:24.000,-34.930000305176,,
2025/04/28 15:06:30.000,-35.040000915527,,
2025/04/28 15:06:35.000,-34.930000305176,,
2025/04/28 15:06:41.000,-35.040000915527,,
2025/04/28 15:07:14.000,-34.930000305176,,
2025/04/28 15:07:20.000,-35.040000915527,,
2025/04/28 15:07:25.000,-34.930000305176,,
2025/04/28 15:08:00.000,,-32.389999389648,
2025/04/28 15:09:59.000,,-32.5,
2025/04/28 15:10:05.000,,-32.389999389648,
2025/04/28 15:10:21.000,-34.819999694824,,
2025/04/28 15:10:27.000,-34.930000305176,,
2025/04/28 15:10:45.000,-34.819999694824,,
2025/04/28 15:11:08.000,,-32.279998779297,
2025/04/28 15:11:25.000,,-32.389999389648,
2025/04/28 15:11:31.000,-34.709999084473,,
2025/04/28 15:11:37.000,-34.819999694824,,
2025/04/28 15:11:42.000,,-32.279998779297,
2025/04/28 15:11:48.000,-34.930000305176,,
2025/04/28 15:11:54.000,-34.819999694824,,
2025/04/28 15:12:10.000,,-32.389999389648,
2025/04/28 15:12:26.000,,-32.279998779297,
2025/04/28 15:12:42.000,,-32.389999389648,
2025/04/28 15:13:03.000,-34.930000305176,,
2025/04/28 15:13:09.000,-34.819999694824,,
2025/04/28 15:13:40.000,,-32.279998779297,
2025/04/28 15:15:04.000,,-32.389999389648,
2025/04/28 15:15:27.000,,-32.279998779297,
2025/04/28 15:15:32.000,,-32.389999389648,
2025/04/28 15:15:55.000,,-32.279998779297,
2025/04/28 15:16:05.000,-34.930000305176,-32.389999389648,
2025/04/28 15:16:11.000,-34.819999694824,,
2025/04/28 15:16:28.000,,-32.279998779297,
2025/04/28 15:16:34.000,-34.709999084473,,
2025/04/28 15:17:35.000,,-32.169998168945,
2025/04/28 15:17:46.000,,-32.279998779297,
2025/04/28 15:17:57.000,-34.819999694824,,
2025/04/28 15:18:02.000,-34.709999084473,,
2025/04/28 15:18:08.000,,-32.169998168945,
2025/04/28 15:18:20.000,-34.819999694824,-32.279998779297,
2025/04/28 15:18:49.000,-34.709999084473,,
2025/04/28 15:18:55.000,-34.819999694824,,
2025/04/28 15:19:24.000,-34.709999084473,,
2025/04/28 15:19:30.000,-34.819999694824,,
2025/04/28 15:19:42.000,-34.709999084473,,
2025/04/28 15:20:15.000,,-32.169998168945,
2025/04/28 15:21:18.000,,-32.279998779297,
2025/04/28 15:21:35.000,,-32.169998168945,
2025/04/28 15:21:41.000,,-32.279998779297,
2025/04/28 15:22:48.000,,-32.169998168945,
2025/04/28 15:22:54.000,-34.599998474121,,
2025/04/28 15:23:40.000,-34.709999084473,,
2025/04/28 15:24:03.000,-34.819999694824,,
2025/04/28 15:24:09.000,-34.709999084473,,
2025/04/28 15:24:25.000,,-32.279998779297,
2025/04/28 15:24:30.000,,-32.169998168945,
2025/04/28 15:24:47.000,,-32.279998779297,
2025/04/28 15:25:55.000,,-32.169998168945,
2025/04/28 15:27:27.000,-34.819999694824,-32.279998779297,
2025/04/28 15:27:33.000,-34.709999084473,,
2025/04/28 15:27:45.000,-34.819999694824,,
2025/04/28 15:27:51.000,-34.709999084473,,
2025/04/28 15:27:56.000,-34.819999694824,,
2025/04/28 15:28:07.000,-34.709999084473,,
2025/04/28 15:28:23.000,-34.819999694824,,
2025/04/28 15:28:29.000,-34.709999084473,,
2025/04/28 15:28:40.000,-34.819999694824,,
2025/04/28 15:28:46.000,-34.709999084473,,
2025/04/28 15:29:18.000,,-32.169998168945,
2025/04/28 15:29:24.000,,-32.279998779297,
2025/04/28 15:29:36.000,,-32.169998168945,
2025/04/28 15:30:05.000,,-32.279998779297,
2025/04/28 15:30:11.000,,-32.169998168945,
2025/04/28 15:30:17.000,,-32.279998779297,
2025/04/28 15:30:39.000,-34.819999694824,,
2025/04/28 15:31:14.000,-34.709999084473,,
2025/04/28 15:31:25.000,-34.819999694824,,
2025/04/28 15:31:41.000,-34.709999084473,,
2025/04/28 15:32:25.000,,-32.169998168945,
2025/04/28 15:32:36.000,-34.599998474121,,
2025/04/28 15:32:53.000,-34.709999084473,,
2025/04/28 15:33:37.000,-34.819999694824,-32.279998779297,
2025/04/28 15:33:48.000,-34.709999084473,,
2025/04/28 15:33:54.000,-34.819999694824,,
2025/04/28 15:33:59.000,-34.709999084473,,
2025/04/28 15:34:11.000,-34.819999694824,,
2025/04/28 15:34:16.000,-34.709999084473,,
2025/04/28 15:34:22.000,-34.819999694824,,
2025/04/28 15:34:55.000,-34.709999084473,,
2025/04/28 15:35:18.000,-34.599998474121,,
2025/04/28 15:35:24.000,-34.709999084473,-32.169998168945,
2025/04/28 15:35:30.000,,-32.279998779297,
2025/04/28 15:35:36.000,-34.819999694824,,
2025/04/28 15:35:41.000,-34.709999084473,,
2025/04/28 15:35:52.000,,-32.169998168945,
2025/04/28 15:36:03.000,,-32.279998779297,
2025/04/28 15:36:14.000,,-32.169998168945,
2025/04/28 15:36:20.000,,-32.279998779297,
2025/04/28 15:36:52.000,-34.819999694824,,
2025/04/28 15:37:54.000,-34.709999084473,,
2025/04/28 15:38:54.000,,-32.169998168945,
2025/04/28 15:39:00.000,,-32.279998779297,
2025/04/28 15:39:23.000,-34.819999694824,,
2025/04/28 15:39:28.000,-34.709999084473,,
2025/04/28 15:39:34.000,-34.819999694824,,
2025/04/28 15:40:42.000,-34.930000305176,,
2025/04/28 15:40:47.000,-34.819999694824,,
2025/04/28 15:40:55.000,,-32.389999389648,
2025/04/28 15:41:01.000,,-32.279998779297,
2025/04/28 15:42:39.000,-34.930000305176,,
2025/04/28 15:42:42.000,,-32.389999389648,
2025/04/28 15:42:45.000,-34.819999694824,,
2025/04/28 15:42:50.000,-34.930000305176,,
2025/04/28 15:43:06.000,-34.819999694824,,
2025/04/28 15:43:12.000,-34.930000305176,,
2025/04/28 15:44:07.000,-34.819999694824,,
2025/04/28 15:44:13.000,-34.930000305176,,
2025/04/28 15:44:29.000,-34.819999694824,,
2025/04/28 15:44:50.000,,-32.279998779297,
2025/04/28 15:44:55.000,,-32.389999389648,
2025/04/28 15:45:18.000,,-32.279998779297,
2025/04/28 15:45:23.000,,-32.389999389648,
2025/04/28 15:45:48.000,-34.930000305176,,
2025/04/28 15:47:08.000,-34.819999694824,,
2025/04/28 15:47:20.000,-34.930000305176,,
2025/04/28 15:47:37.000,-34.819999694824,,
2025/04/28 15:47:43.000,-34.930000305176,,
2025/04/28 15:47:49.000,-34.819999694824,,
2025/04/28 15:47:55.000,-34.930000305176,,
2025/04/28 15:48:01.000,-34.819999694824,,
2025/04/28 15:48:06.000,-34.930000305176,,
2025/04/28 15:48:56.000,-35.040000915527,,
2025/04/28 15:48:58.000,,-32.5,
2025/04/28 15:49:29.000,-34.930000305176,,
2025/04/28 15:49:58.000,-35.040000915527,,
2025/04/28 15:50:03.000,-34.930000305176,,
2025/04/28 15:50:18.000,,-32.389999389648,
2025/04/28 15:51:23.000,-35.040000915527,,
2025/04/28 15:51:28.000,,-32.5,
2025/04/28 15:52:19.000,-35.149997711182,,
2025/04/28 15:52:24.000,-35.040000915527,,
2025/04/28 15:52:29.000,-35.149997711182,,
2025/04/28 15:52:35.000,-35.040000915527,-32.610000610352,
2025/04/28 15:52:41.000,,-32.5,
2025/04/28 15:53:05.000,-34.930000305176,,
2025/04/28 15:53:11.000,-35.040000915527,,
2025/04/28 15:54:18.000,-35.149997711182,,
2025/04/28 15:54:30.000,,-32.610000610352,
2025/04/28 15:55:10.000,-35.040000915527,,
2025/04/28 15:55:49.000,,-32.5,
2025/04/28 15:56:41.000,-35.149997711182,-32.610000610352,
2025/04/28 15:56:47.000,-35.259998321533,-32.719997406006,
2025/04/28 15:56:52.000,,-32.829998016357,
2025/04/28 15:56:58.000,-35.369998931885,-32.939998626709,
2025/04/28 15:57:04.000,,-33.04999923706,
2025/04/28 15:57:10.000,-35.479999542236,-33.270000457764,
2025/04/28 15:57:16.000,,-33.380001068115,
2025/04/28 15:57:28.000,,-33.48999786377,
2025/04/28 15:57:39.000,-35.369998931885,,
2025/04/28 15:57:44.000,,-33.599998474121,
2025/04/28 15:57:50.000,-35.479999542236,,
2025/04/28 15:58:01.000,-35.369998931885,,
2025/04/28 15:58:13.000,-35.479999542236,,
2025/04/28 15:58:19.000,-35.369998931885,,
2025/04/28 15:59:04.000,-35.259998321533,,
2025/04/28 15:59:10.000,-35.369998931885,,
2025/04/28 15:59:31.000,-35.259998321533,,
2025/04/28 15:59:37.000,-35.369998931885,,
2025/04/28 15:59:54.000,-35.259998321533,,
2025/04/28 15:59:59.000,-35.369998931885,,
2025/04/28 16:00:17.000,-35.259998321533,,
2025/04/28 16:00:28.000,-35.369998931885,,
2025/04/28 16:00:34.000,-35.259998321533,,
2025/04/28 16:00:50.000,-35.369998931885,,
2025/04/28 16:00:56.000,-35.259998321533,,
2025/04/28 16:01:53.000,-35.149997711182,,
2025/04/28 16:01:58.000,-35.259998321533,,
2025/04/28 16:02:10.000,-35.149997711182,-33.48999786377,
2025/04/28 16:02:15.000,-35.259998321533,,
2025/04/28 16:02:37.000,-35.149997711182,,
2025/04/28 16:02:43.000,-35.259998321533,,
2025/04/28 16:03:09.000,,-33.599998474121,
2025/04/28 16:03:26.000,-35.149997711182,-33.48999786377,
2025/04/28 16:03:31.000,-34.930000305176,-33.380001068115,
2025/04/28 16:03:36.000,,-33.159999847412,
2025/04/28 16:03:42.000,-34.819999694824,-32.829998016357,
2025/04/28 16:03:48.000,-34.709999084473,-32.610000610352,
2025/04/28 16:03:54.000,-34.599998474121,-32.389999389648,
2025/04/28 16:03:59.000,,-32.169998168945,
2025/04/28 16:04:05.000,-34.48999786377,-32.059997558594,
2025/04/28 16:04:23.000,-34.599998474121,-32.279998779297,
2025/04/28 16:04:29.000,,-32.5,
2025/04/28 16:04:34.000,-34.48999786377,-32.610000610352,
2025/04/28 16:04:40.000,,-32.719997406006,
2025/04/28 16:05:08.000,,-32.829998016357,
2025/04/28 16:05:20.000,-34.599998474121,,
2025/04/28 16:05:32.000,-34.48999786377,,
2025/04/28 16:05:38.000,-34.599998474121,,
2025/04/28 16:05:54.000,,-32.939998626709,
2025/04/28 16:06:05.000,-34.709999084473,,
2025/04/28 16:06:16.000,-34.819999694824,-33.04999923706,
2025/04/28 16:06:22.000,-34.709999084473,,
2025/04/28 16:06:27.000,-34.819999694824,,
2025/04/28 16:06:44.000,,-33.159999847412,
2025/04/28 16:06:49.000,,-33.04999923706,
2025/04/28 16:06:55.000,-34.709999084473,-32.939998626709,
2025/04/28 16:07:01.000,-34.48999786377,-32.719997406006,
2025/04/28 16:07:06.000,,-32.5,
2025/04/28 16:07:11.000,,-32.389999389648,
2025/04/28 16:07:16.000,-34.380001068115,-32.279998779297,
2025/04/28 16:07:22.000,,-32.059997558594,
2025/04/28 16:07:27.000,-34.270000457764,-31.949998855591,
2025/04/28 16:07:37.000,,-31.840000152588,
2025/04/28 16:07:43.000,-34.159999847412,,
2025/04/28 16:07:49.000,-34.04999923706,-31.729999542236,
2025/04/28 16:07:55.000,,-31.619998931885,
2025/04/28 16:08:01.000,-33.939998626709,,
2025/04/28 16:08:06.000,-33.829998016357,-31.5,
2025/04/28 16:08:12.000,,-31.389999389648,
2025/04/28 16:08:18.000,-33.599998474121,,
2025/04/28 16:08:24.000,-33.709999084473,-31.279998779297,
2025/04/28 16:08:35.000,-33.599998474121,,
2025/04/28 16:08:46.000,,-31.170000076294,
2025/04/28 16:08:56.000,-33.48999786377,,
2025/04/28 16:09:07.000,,-31.059999465942,
2025/04/28 16:11:34.000,-33.599998474121,,
2025/04/28 16:12:13.000,-33.709999084473,-31.170000076294,
2025/04/28 16:12:47.000,-33.599998474121,,
2025/04/28 16:13:10.000,,-31.059999465942,
2025/04/28 16:13:27.000,,-31.170000076294,
2025/04/28 16:13:56.000,-33.709999084473,,
2025/04/28 16:15:04.000,-33.829998016357,,
2025/04/28 16:16:01.000,,-31.279998779297,
2025/04/28 16:16:36.000,,-31.389999389648,
2025/04/28 16:16:42.000,,-31.279998779297,
2025/04/28 16:16:48.000,-33.939998626709,-31.389999389648,
2025/04/28 16:16:59.000,-33.829998016357,,
2025/04/28 16:17:05.000,-33.939998626709,,
2025/04/28 16:18:09.000,,-31.5,
2025/04/28 16:18:15.000,-34.04999923706,,
2025/04/28 16:19:49.000,-33.939998626709,,
2025/04/28 16:20:34.000,,-31.389999389648,
2025/04/28 16:20:39.000,,-31.5,
2025/04/28 16:20:45.000,,-31.389999389648,
2025/04/28 16:20:51.000,,-31.5,
2025/04/28 16:20:56.000,,-31.389999389648,
2025/04/28 16:21:13.000,,-31.5,
2025/04/28 16:21:31.000,-34.04999923706,,
2025/04/28 16:21:54.000,-33.939998626709,,
2025/04/28 16:22:00.000,-34.04999923706,,
2025/04/28 16:22:11.000,-33.939998626709,,
2025/04/28 16:22:37.000,-34.04999923706,,
2025/04/28 16:22:49.000,-33.939998626709,,
2025/04/28 16:23:22.000,-33.829998016357,,
2025/04/28 16:23:23.000,,-31.389999389648,
2025/04/28 16:23:28.000,-33.939998626709,,
2025/04/28 16:23:34.000,-33.829998016357,,
2025/04/28 16:23:40.000,-33.939998626709,,
2025/04/28 16:24:09.000,,-31.5,
2025/04/28 16:24:21.000,,-31.389999389648,
2025/04/28 16:24:32.000,,-31.5,
2025/04/28 16:24:52.000,-34.04999923706,,
2025/04/28 16:25:26.000,-33.939998626709,,
2025/04/28 16:25:32.000,,-31.389999389648,
2025/04/28 16:25:36.000,-34.04999923706,,
2025/04/28 16:25:42.000,-33.939998626709,,
2025/04/28 16:25:44.000,,-31.279998779297,
2025/04/28 16:26:04.000,-33.829998016357,,
2025/04/28 16:26:10.000,-33.939998626709,,
2025/04/28 16:26:17.000,,-31.170000076294,
2025/04/28 16:26:27.000,-33.829998016357,,
